{
  "n_samples": 17303,
  "total_time_s": 2628.9155561582884,
  "mean_time_s": 0.15193408982016346,
  "p50_time_s": 0.11729518801439553,
  "p95_time_s": 0.355687542934902,
  "mean_gpu_peak_mb": 17446.213974280337,
  "mean_visual_post_prune": 432.0,
  "config": {
    "pruner": "qsim",
    "keep_ratio": 0.75,
    "qsim_reduction": "max"
  }
}