{
  "n_samples": 17303,
  "total_time_s": 2120.2621671077795,
  "mean_time_s": 0.12253725753382533,
  "p50_time_s": 0.09322264301590621,
  "p95_time_s": 0.2799554410157725,
  "mean_gpu_peak_mb": 17177.915341405755,
  "mean_visual_post_prune": 144.0,
  "config": {
    "pruner": "random",
    "keep_ratio": 0.25,
    "qsim_reduction": "mean"
  }
}