{
  "n_samples": 17303,
  "total_time_s": 2598.3643650242593,
  "mean_time_s": 0.1501684311983043,
  "p50_time_s": 0.11683381896000355,
  "p95_time_s": 0.3484925429802388,
  "mean_gpu_peak_mb": 17446.213974280337,
  "mean_visual_post_prune": 432.0,
  "config": {
    "pruner": "qsim",
    "keep_ratio": 0.75,
    "qsim_reduction": "mean"
  }
}