{
  "OmniMedVQA": 0.7117943185904351,
  "PMC-VQA_test": 0.488,
  "PathVQA_test": 0.5594883997620465,
  "SLAKE_test": 0.7764423076923077,
  "VQA-RAD_test": 0.5697211155378487,
  "MMMU_Medical_Validation": 0.47586206896551725,
  "The total score for multiple-choice questions": 0.6538328130419702,
  "OmniMedVQA_MR (Mag-netic Resonance Imaging)": 0.7089108910891089,
  "OmniMedVQA_ultrasound": 0.7230428360413589,
  "OmniMedVQA_OCT (Optical Coherence Tomography": 0.8473684210526315,
  "OmniMedVQA_Dermoscopy": 0.7123115577889447,
  "OmniMedVQA_CT(Computed Tomography)": 0.6413862380713209,
  "OmniMedVQA_X-Ray": 0.7566241413150148,
  "OmniMedVQA_Microscopy Images": 0.6456043956043956,
  "OmniMedVQA_Fundus Photography": 0.8099041533546326,
  "MMMU_Medical_Validation_validation_Public_Health": 0.4666666666666667,
  "MMMU_Medical_Validation_validation_Diagnostics_and_Laboratory_Medicine": 0.43333333333333335,
  "MMMU_Medical_Validation_validation_Pharmacy": 0.4074074074074074,
  "MMMU_Medical_Validation_validation_Basic_Medical_Science": 0.5,
  "MMMU_Medical_Validation_validation_Clinical_Medicine": 0.5666666666666667
}