{
  "OmniMedVQA": 0.7284250269687162,
  "PMC-VQA_test": 0.5235,
  "PathVQA_test": 0.5812016656751934,
  "SLAKE_test": 0.7572115384615384,
  "VQA-RAD_test": 0.5896414342629482,
  "MMMU_Medical_Validation": 0.5103448275862069,
  "The total score for multiple-choice questions": 0.6729679731760897,
  "OmniMedVQA_MR (Mag-netic Resonance Imaging)": 0.7198019801980198,
  "OmniMedVQA_ultrasound": 0.7592319054652881,
  "OmniMedVQA_OCT (Optical Coherence Tomography": 0.8736842105263158,
  "OmniMedVQA_Dermoscopy": 0.7160804020100503,
  "OmniMedVQA_CT(Computed Tomography)": 0.6539427423405324,
  "OmniMedVQA_X-Ray": 0.7929342492639843,
  "OmniMedVQA_Microscopy Images": 0.6538461538461539,
  "OmniMedVQA_Fundus Photography": 0.8194888178913738,
  "MMMU_Medical_Validation_validation_Public_Health": 0.3333333333333333,
  "MMMU_Medical_Validation_validation_Diagnostics_and_Laboratory_Medicine": 0.4666666666666667,
  "MMMU_Medical_Validation_validation_Pharmacy": 0.5185185185185185,
  "MMMU_Medical_Validation_validation_Basic_Medical_Science": 0.5714285714285714,
  "MMMU_Medical_Validation_validation_Clinical_Medicine": 0.6666666666666666
}