{
  "n_samples": 17303,
  "total_time_s": 2485.8094577343436,
  "mean_time_s": 0.14366349521668748,
  "p50_time_s": 0.10932117304764688,
  "p95_time_s": 0.3278426959877834,
  "mean_gpu_peak_mb": 17312.004128478216,
  "mean_visual_post_prune": 288.0,
  "config": {
    "pruner": "random",
    "keep_ratio": 0.5,
    "qsim_reduction": "mean"
  }
}