{
  "n_samples": 17303,
  "total_time_s": 2422.430222724215,
  "mean_time_s": 0.14000059080646218,
  "p50_time_s": 0.10755583411082625,
  "p95_time_s": 0.3173965649912134,
  "mean_gpu_peak_mb": 17312.004128478216,
  "mean_visual_post_prune": 288.0,
  "config": {
    "pruner": "qsim",
    "keep_ratio": 0.5,
    "qsim_reduction": "max"
  }
}