{
  "OmniMedVQA": 0.6879719525350594,
  "PMC-VQA_test": 0.476,
  "PathVQA_test": 0.5553242117787032,
  "SLAKE_test": 0.71875,
  "VQA-RAD_test": 0.545816733067729,
  "MMMU_Medical_Validation": 0.496551724137931,
  "The total score for multiple-choice questions": 0.6347554630593132,
  "OmniMedVQA_MR (Mag-netic Resonance Imaging)": 0.693069306930693,
  "OmniMedVQA_ultrasound": 0.6654357459379616,
  "OmniMedVQA_OCT (Optical Coherence Tomography": 0.8192982456140351,
  "OmniMedVQA_Dermoscopy": 0.7273869346733668,
  "OmniMedVQA_CT(Computed Tomography)": 0.6087393269713711,
  "OmniMedVQA_X-Ray": 0.7144259077526988,
  "OmniMedVQA_Microscopy Images": 0.635989010989011,
  "OmniMedVQA_Fundus Photography": 0.8035143769968051,
  "MMMU_Medical_Validation_validation_Public_Health": 0.5333333333333333,
  "MMMU_Medical_Validation_validation_Diagnostics_and_Laboratory_Medicine": 0.43333333333333335,
  "MMMU_Medical_Validation_validation_Pharmacy": 0.48148148148148145,
  "MMMU_Medical_Validation_validation_Basic_Medical_Science": 0.5,
  "MMMU_Medical_Validation_validation_Clinical_Medicine": 0.5333333333333333
}