{
  "n_samples": 17303,
  "total_time_s": 2266.9245715101715,
  "mean_time_s": 0.13101338331561993,
  "p50_time_s": 0.09731008799280971,
  "p95_time_s": 0.3025949280709028,
  "mean_gpu_peak_mb": 17177.915341405755,
  "mean_visual_post_prune": 144.0,
  "config": {
    "pruner": "qsim",
    "keep_ratio": 0.25,
    "qsim_reduction": "max"
  }
}