{
  "OmniMedVQA": 0.6806903991370011,
  "PMC-VQA_test": 0.4685,
  "PathVQA_test": 0.5508625817965497,
  "SLAKE_test": 0.7572115384615384,
  "VQA-RAD_test": 0.5657370517928287,
  "MMMU_Medical_Validation": 0.46206896551724136,
  "The total score for multiple-choice questions": 0.6292634986703665,
  "OmniMedVQA_MR (Mag-netic Resonance Imaging)": 0.6945544554455445,
  "OmniMedVQA_ultrasound": 0.6166912850812407,
  "OmniMedVQA_OCT (Optical Coherence Tomography": 0.8210526315789474,
  "OmniMedVQA_Dermoscopy": 0.6821608040201005,
  "OmniMedVQA_CT(Computed Tomography)": 0.6142641888498243,
  "OmniMedVQA_X-Ray": 0.7203140333660452,
  "OmniMedVQA_Microscopy Images": 0.6332417582417582,
  "OmniMedVQA_Fundus Photography": 0.8019169329073482,
  "MMMU_Medical_Validation_validation_Public_Health": 0.4,
  "MMMU_Medical_Validation_validation_Diagnostics_and_Laboratory_Medicine": 0.4,
  "MMMU_Medical_Validation_validation_Pharmacy": 0.48148148148148145,
  "MMMU_Medical_Validation_validation_Basic_Medical_Science": 0.5,
  "MMMU_Medical_Validation_validation_Clinical_Medicine": 0.5333333333333333
}