{
  "OmniMedVQA": 0.6242358863718087,
  "PMC-VQA_test": 0.4305,
  "PathVQA_test": 0.5386674598453302,
  "SLAKE_test": 0.7019230769230769,
  "VQA-RAD_test": 0.5179282868525896,
  "MMMU_Medical_Validation": 0.4896551724137931,
  "The total score for multiple-choice questions": 0.5844028211353913,
  "OmniMedVQA_MR (Mag-netic Resonance Imaging)": 0.6611386138613862,
  "OmniMedVQA_ultrasound": 0.5923190546528804,
  "OmniMedVQA_OCT (Optical Coherence Tomography": 0.7736842105263158,
  "OmniMedVQA_Dermoscopy": 0.6206030150753769,
  "OmniMedVQA_CT(Computed Tomography)": 0.5434455047714716,
  "OmniMedVQA_X-Ray": 0.6025515210991168,
  "OmniMedVQA_Microscopy Images": 0.5782967032967034,
  "OmniMedVQA_Fundus Photography": 0.6693290734824281,
  "MMMU_Medical_Validation_validation_Public_Health": 0.4666666666666667,
  "MMMU_Medical_Validation_validation_Diagnostics_and_Laboratory_Medicine": 0.43333333333333335,
  "MMMU_Medical_Validation_validation_Pharmacy": 0.48148148148148145,
  "MMMU_Medical_Validation_validation_Basic_Medical_Science": 0.5714285714285714,
  "MMMU_Medical_Validation_validation_Clinical_Medicine": 0.5
}