{
  "n_samples": 17303,
  "total_time_s": 2180.48245229607,
  "mean_time_s": 0.12601759534740045,
  "p50_time_s": 0.09389389597345144,
  "p95_time_s": 0.29147810593713075,
  "mean_gpu_peak_mb": 17097.347280874794,
  "mean_visual_post_prune": 58.0,
  "config": {
    "pruner": "qsim",
    "keep_ratio": 0.1,
    "qsim_reduction": "max"
  }
}